{"properties": [
  {
    "name": "Service.PATIENTS_NOT_FOUND",
    "type": "java.lang.String",
    "description": "A description for 'Service.PATIENTS_NOT_FOUND'"
  },
  {
    "name": "Service.PATIENTS_NOT_FOUND",
    "type": "java.lang.String",
    "description": "A description for 'Service.PATIENTS_NOT_FOUND'"
  },
  {
    "name": "Service.PATIENTS_NOT_FOUND",
    "type": "java.lang.String",
    "description": "A description for 'Service.PATIENTS_NOT_FOUND'"
  },
  {
    "name": "Service.PATIENTS_NOT_FOUND",
    "type": "java.lang.String",
    "description": "A description for 'Service.PATIENTS_NOT_FOUND'"
  },
  {
    "name": "Service.PATIENT_NOT_FOUND",
    "type": "java.lang.String",
    "description": "A description for 'Service.PATIENT_NOT_FOUND'"
  },
  {
    "name": "Service.ALLERGIES_NOT_FOUND",
    "type": "java.lang.String",
    "description": "A description for 'Service.ALLERGIES_NOT_FOUND'"
  },
  {
    "name": "Service.ALLERGY_NOT_FOUND",
    "type": "java.lang.String",
    "description": "A description for 'Service.ALLERGY_NOT_FOUND'"
  }
]}